date,open,high,low,close,volume,average,barCount,vol_avg,vol_ratio,shortMA,midMA,vol_spike,crossover,signal
2025-06-30 09:30:00-04:00,85.68,86.73,85.55,86.48,813452.0,86.07,2183,,,,,False,False,False
2025-06-30 09:31:00-04:00,86.48,87.1,86.19,86.72,471594.0,86.73,1931,,,,,False,False,False
2025-06-30 09:32:00-04:00,86.71,86.94,86.31,86.89,423380.0,86.597,2101,,,,,False,False,False
2025-06-30 09:33:00-04:00,86.88,86.92,86.38,86.43,302457.0,86.578,1377,,,,,False,False,False
2025-06-30 09:34:00-04:00,86.45,86.76,86.31,86.74,312551.0,86.491,1531,,,86.652,,False,False,False
2025-06-30 09:35:00-04:00,86.75,87.19,86.68,86.89,420108.0,86.955,1911,,,86.734,,False,False,False
2025-06-30 09:36:00-04:00,86.89,87.27,86.77,87.23,499971.0,87.068,2152,,,86.836,,False,False,False
2025-06-30 09:37:00-04:00,87.23,87.82,87.12,87.51,488808.0,87.52,2027,,,86.96,,False,False,False
2025-06-30 09:38:00-04:00,87.5,87.55,87.17,87.39,302320.0,87.317,1417,,,87.15200000000002,,False,False,False
2025-06-30 09:39:00-04:00,87.39,87.62,87.21,87.35,234762.0,87.424,982,,,87.274,86.963,False,False,False
2025-06-30 09:40:00-04:00,87.33,87.43,87.17,87.29,274960.0,87.279,1103,,,87.35400000000001,87.04400000000001,False,False,False
2025-06-30 09:41:00-04:00,87.29,87.32,86.81,86.91,273906.0,87.036,1175,,,87.29,87.063,False,False,False
2025-06-30 09:42:00-04:00,86.91,86.98,86.58,86.83,265121.0,86.784,1157,,,87.15400000000001,87.05699999999999,False,False,False
2025-06-30 09:43:00-04:00,86.82,87.25,86.75,86.85,189657.0,86.986,817,,,87.04599999999999,87.099,False,False,False
2025-06-30 09:44:00-04:00,86.83,86.9,86.42,86.46,275519.0,86.653,1075,,,86.86800000000001,87.071,False,False,False
2025-06-30 09:45:00-04:00,86.43,86.84,86.37,86.66,200847.0,86.661,1096,,,86.74199999999999,87.048,False,False,False
2025-06-30 09:46:00-04:00,86.66,86.73,86.37,86.62,175485.0,86.57,938,,,86.684,86.987,False,False,False
2025-06-30 09:47:00-04:00,86.62,86.74,86.43,86.69,155687.0,86.635,763,,,86.65599999999999,86.905,False,False,False
2025-06-30 09:48:00-04:00,86.68,87.03,86.47,87.02,224470.0,86.779,941,,,86.69,86.86800000000001,False,False,False
2025-06-30 09:49:00-04:00,87.03,87.33,86.97,87.05,220308.0,87.157,920,326268.15,0.6752359983651484,86.808,86.838,False,False,False
2025-06-30 09:50:00-04:00,87.07,87.15,86.94,87.0,102272.0,87.033,464,290709.15,0.35180179227244823,86.876,86.809,False,True,False
2025-06-30 09:51:00-04:00,87.02,87.56,87.0,87.44,197153.0,87.327,725,276987.1,0.7117768300400994,87.03999999999999,86.862,False,False,False
2025-06-30 09:52:00-04:00,87.44,87.68,87.42,87.44,181111.0,87.536,813,264873.65,0.683763749244215,87.19,86.923,False,False,False
2025-06-30 09:53:00-04:00,87.45,87.6,87.3,87.58,167392.0,87.428,688,258120.4,0.6485035665526631,87.30199999999999,86.99600000000001,False,False,False
2025-06-30 09:54:00-04:00,87.59,88.07,87.59,88.05,367080.0,87.925,1175,260846.85,1.4072625373854428,87.502,87.155,False,False,False
2025-06-30 09:55:00-04:00,88.05,88.32,88.04,88.26,317985.0,88.179,1278,255740.7,1.2433883226252216,87.75399999999999,87.315,False,False,False
2025-06-30 09:56:00-04:00,88.28,88.63,88.27,88.36,400852.0,88.444,1665,250784.75,1.598390651744175,87.938,87.489,True,False,False
2025-06-30 09:57:00-04:00,88.37,88.53,88.33,88.49,197664.0,88.432,941,236227.55,0.8367525294996286,88.148,87.66900000000001,False,False,False
2025-06-30 09:58:00-04:00,88.5,88.54,88.2,88.42,212921.0,88.368,931,231757.6,0.9187228379997031,88.316,87.809,False,False,False
2025-06-30 09:59:00-04:00,88.42,88.75,88.39,88.68,234403.0,88.62,1025,231739.65,1.0114928541576722,88.44200000000001,87.97200000000001,False,False,False
2025-06-30 10:00:00-04:00,88.68,89.09,88.66,88.84,376980.0,88.869,1449,236840.65,1.5917031134646862,88.558,88.15599999999999,True,False,False
2025-06-30 10:01:00-04:00,88.84,88.94,88.4,88.43,392372.0,88.635,1309,242763.95,1.6162696314671103,88.572,88.255,True,False,False
2025-06-30 10:02:00-04:00,88.43,88.75,88.35,88.63,188531.0,88.525,813,238934.45,0.7890490467155322,88.6,88.374,False,False,False
2025-06-30 10:03:00-04:00,88.63,88.96,88.55,88.6,167525.0,88.769,616,237827.85,0.7043960579049089,88.63600000000001,88.476,False,False,False
2025-06-30 10:04:00-04:00,88.59,88.63,88.34,88.4,197403.0,88.456,906,233922.05,0.8438836783449872,88.58,88.511,False,False,False
2025-06-30 10:05:00-04:00,88.37,88.37,88.09,88.11,240053.0,88.22,1014,235882.35,1.0176810600708361,88.434,88.49600000000001,False,False,False
2025-06-30 10:06:00-04:00,88.11,88.14,87.8,88.09,251654.0,87.967,874,239690.8,1.0499109686312533,88.366,88.46900000000001,False,False,False
2025-06-30 10:07:00-04:00,88.07,88.33,88.0,88.27,183421.0,88.153,693,241077.5,0.7608383196275057,88.29400000000001,88.447,False,False,False
2025-06-30 10:08:00-04:00,88.27,88.57,88.23,88.42,185058.0,88.422,734,239106.9,0.7739550803427254,88.258,88.447,False,False,False
2025-06-30 10:09:00-04:00,88.42,88.43,88.1,88.26,143440.0,88.261,628,235263.5,0.6096993371262436,88.22999999999999,88.405,False,False,False
2025-06-30 10:10:00-04:00,88.25,88.28,88.03,88.2,61091.0,88.188,292,233204.45,0.2619632687112103,88.248,88.34100000000001,False,False,False
2025-06-30 10:11:00-04:00,88.2,88.63,88.17,88.57,211036.0,88.475,1120,233898.6,0.9022542246939486,88.34400000000001,88.35499999999999,False,False,False
2025-06-30 10:12:00-04:00,88.56,88.59,88.49,88.5,139070.0,88.52,673,231796.55,0.5999657889645036,88.39000000000001,88.342,False,True,False
2025-06-30 10:13:00-04:00,88.5,88.63,88.4,88.61,146475.0,88.51,700,230750.7,0.6347759725105926,88.428,88.34299999999999,False,False,False
2025-06-30 10:14:00-04:00,88.61,88.76,88.53,88.63,175302.0,88.666,626,221161.8,0.7926414055230153,88.502,88.366,False,False,False
2025-06-30 10:15:00-04:00,88.64,88.67,88.43,88.55,162354.0,88.566,578,213380.25,0.7608670436931253,88.57199999999999,88.41,False,False,False
2025-06-30 10:16:00-04:00,88.53,88.58,88.29,88.38,114758.0,88.442,591,199075.55,0.576454516890698,88.53399999999999,88.439,False,False,False
2025-06-30 10:17:00-04:00,88.36,88.4,88.14,88.32,102001.0,88.285,453,194292.4,0.5249870813269073,88.49799999999999,88.44399999999999,False,False,False
2025-06-30 10:18:00-04:00,88.32,88.33,87.95,88.14,185348.0,88.067,703,192913.75,0.9607816964835322,88.404,88.416,False,False,False
2025-06-30 10:19:00-04:00,88.18,88.33,88.1,88.26,89867.0,88.193,447,185686.95,0.48397046749919687,88.33000000000001,88.416,False,False,False
2025-06-30 10:20:00-04:00,88.24,88.3,87.87,87.95,131037.0,88.014,429,173389.8,0.7557364966105273,88.21000000000001,88.39099999999999,False,False,False
2025-06-30 10:21:00-04:00,87.89,88.0,87.85,87.9,96615.0,87.933,393,158601.95,0.6091665329461585,88.114,88.324,False,False,False
2025-06-30 10:22:00-04:00,87.92,87.94,87.7,87.81,180914.0,87.792,639,158221.1,1.14342524479984,88.01200000000001,88.25500000000001,False,False,False
2025-06-30 10:23:00-04:00,87.8,87.93,87.62,87.86,115657.0,87.736,496,155627.7,0.7431646165817524,87.956,88.18,False,False,False
2025-06-30 10:24:00-04:00,87.89,87.92,87.69,87.87,69447.0,87.806,312,149229.9,0.4653692055010424,87.878,88.10400000000001,False,False,False
2025-06-30 10:25:00-04:00,87.87,88.12,87.85,88.12,153095.0,88.009,607,144882.0,1.0566875112160241,87.912,88.061,False,False,False
2025-06-30 10:26:00-04:00,88.11,88.25,88.0,88.0,116907.0,88.139,464,138144.65,0.8462651286169968,87.93199999999999,88.023,False,False,False
2025-06-30 10:27:00-04:00,88.0,88.07,87.83,87.96,82376.0,87.942,341,133092.4,0.6189384217280627,87.96200000000002,87.987,False,False,False
2025-06-30 10:28:00-04:00,87.94,87.97,87.76,87.88,70967.0,87.871,361,127387.85,0.5570939457726933,87.96600000000001,87.961,False,True,False
2025-06-30 10:29:00-04:00,87.87,87.9,87.62,87.66,111573.0,87.747,490,125794.5,0.8869465676162313,87.924,87.901,False,False,False
2025-06-30 10:30:00-04:00,87.66,87.68,87.41,87.41,155909.0,87.496,770,130535.4,1.1943809878393141,87.782,87.84700000000001,False,False,False
2025-06-30 10:31:00-04:00,87.42,87.44,87.26,87.3,197244.0,87.328,972,129845.8,1.519063381333859,87.642,87.787,True,False,False
2025-06-30 10:32:00-04:00,87.31,87.51,87.1,87.3,354600.0,87.258,1449,140622.3,2.521648415649581,87.51,87.73599999999999,True,False,False
2025-06-30 10:33:00-04:00,87.28,87.37,86.8,87.09,239678.0,87.028,1100,145282.45,1.6497381480006703,87.352,87.65899999999999,True,False,False
2025-06-30 10:34:00-04:00,87.09,87.4,87.02,87.37,110520.0,87.185,498,142043.35,0.7780723279196105,87.29400000000001,87.609,False,False,False
2025-06-30 10:35:00-04:00,87.38,87.72,87.3,87.64,178846.0,87.537,749,142867.95,1.2518272992648105,87.34,87.56099999999999,False,False,False
2025-06-30 10:36:00-04:00,87.64,87.76,87.54,87.62,121213.0,87.63,478,143190.7,0.8465144733561606,87.40400000000001,87.523,False,False,False
2025-06-30 10:37:00-04:00,87.62,87.63,87.42,87.55,88785.0,87.516,366,142529.9,0.6229219272587717,87.454,87.482,False,False,False
2025-06-30 10:38:00-04:00,87.54,87.54,87.42,87.49,82432.0,87.492,380,137384.1,0.600011209448546,87.53399999999999,87.44300000000001,False,True,False
2025-06-30 10:39:00-04:00,87.49,87.68,87.47,87.56,59142.0,87.564,286,135847.85,0.4353547001295935,87.57199999999999,87.43299999999999,False,False,False
2025-06-30 10:40:00-04:00,87.55,87.57,87.42,87.51,70103.0,87.482,409,132801.15,0.5278794648992121,87.546,87.443,False,False,False
2025-06-30 10:41:00-04:00,87.52,87.74,87.49,87.58,79680.0,87.597,321,131954.4,0.6038449646241429,87.538,87.471,False,False,False
2025-06-30 10:42:00-04:00,87.61,87.68,87.45,87.62,92543.0,87.544,231,127535.85,0.7256234227474079,87.55199999999999,87.50300000000001,False,False,False
2025-06-30 10:43:00-04:00,87.62,87.62,87.36,87.4,47745.0,87.457,227,124140.25,0.38460531535903947,87.534,87.534,False,False,False
2025-06-30 10:44:00-04:00,87.42,87.42,87.07,87.23,117628.0,87.181,507,126549.3,0.9295033635112956,87.468,87.52000000000001,False,False,False
2025-06-30 10:45:00-04:00,87.23,87.23,87.02,87.12,79620.0,87.108,376,122875.55,0.6479726845576683,87.39000000000001,87.468,False,False,False
2025-06-30 10:46:00-04:00,87.12,87.49,87.06,87.46,161134.0,87.26,761,125086.9,1.288176459725199,87.366,87.45200000000001,False,False,False
2025-06-30 10:47:00-04:00,87.47,87.63,87.44,87.54,67141.0,87.545,331,124325.15,0.540043587319219,87.35,87.451,False,False,False
2025-06-30 10:48:00-04:00,87.54,87.54,87.41,87.48,55946.0,87.463,217,123574.1,0.45273240913751345,87.36600000000001,87.45,False,False,False
2025-06-30 10:49:00-04:00,87.49,87.57,87.37,87.48,51862.0,87.487,229,120588.55,0.43007399956297676,87.41600000000001,87.44200000000001,False,False,False
2025-06-30 10:50:00-04:00,87.47,87.75,87.45,87.69,66291.0,87.617,288,116107.65,0.5709442917843915,87.53,87.46000000000001,False,True,False
2025-06-30 10:51:00-04:00,87.7,87.88,87.7,87.81,150033.0,87.802,580,113747.1,1.3190050559530748,87.6,87.483,False,False,False
2025-06-30 10:52:00-04:00,87.81,87.98,87.79,87.91,113195.0,87.896,436,101676.85,1.1132819319245235,87.674,87.512,False,False,False
2025-06-30 10:53:00-04:00,87.91,87.96,87.8,87.92,118262.0,87.881,615,95606.05,1.236971928031751,87.762,87.564,False,False,False
2025-06-30 10:54:00-04:00,87.91,88.26,87.89,88.2,246115.0,88.152,950,102385.8,2.4038001363470323,87.906,87.661,True,False,False
2025-06-30 10:55:00-04:00,88.19,88.24,87.88,88.09,196734.0,88.032,870,103280.2,1.9048568844754368,87.98600000000002,87.75800000000001,True,False,False
2025-06-30 10:56:00-04:00,88.07,88.1,87.82,87.86,87689.0,87.928,338,101604.0,0.8630467304436833,87.996,87.798,False,False,False
2025-06-30 10:57:00-04:00,87.86,87.94,87.78,87.87,89999.0,87.851,300,101664.7,0.8852531901436782,87.988,87.831,False,False,False
2025-06-30 10:58:00-04:00,87.87,87.98,87.83,87.96,66323.0,87.927,302,100859.25,0.6575797460322181,87.99600000000001,87.87899999999999,False,False,False
2025-06-30 10:59:00-04:00,87.95,87.98,87.77,87.96,86306.0,87.865,303,102217.45,0.8443372437876312,87.94800000000001,87.92699999999999,False,False,False
2025-06-30 11:00:00-04:00,87.97,88.41,87.92,88.36,358012.0,88.246,1476,116612.9,3.0700891582320655,88.002,87.994,True,False,False
2025-06-30 11:01:00-04:00,88.34,88.35,87.33,87.5,498869.0,87.723,2669,137572.35,3.6262301254576226,87.92999999999999,87.963,True,False,False
2025-06-30 11:02:00-04:00,87.54,87.54,85.86,86.24,1125158.0,86.473,4925,189203.1,5.946826452632118,87.604,87.796,True,False,False
2025-06-30 11:03:00-04:00,86.24,87.08,85.71,87.0,745591.0,86.349,3661,224095.4,3.327114255803555,87.41199999999999,87.70400000000001,True,False,False
2025-06-30 11:04:00-04:00,86.99,87.08,86.45,86.47,400811.0,86.735,1709,238254.55,1.6822805692483103,87.114,87.53099999999999,True,False,False
2025-06-30 11:05:00-04:00,86.46,86.64,85.5,86.2,529015.0,86.06,2529,260724.3,2.0290206935065127,86.682,87.342,True,False,False
2025-06-30 11:06:00-04:00,86.2,86.91,86.09,86.86,334235.0,86.564,1655,269379.35,1.2407595459711371,86.554,87.24199999999999,False,False,False
2025-06-30 11:07:00-04:00,86.86,87.06,86.36,86.79,335093.0,86.71,1554,282776.95,1.1850081840121693,86.66400000000002,87.13399999999999,False,False,False
2025-06-30 11:08:00-04:00,86.8,87.09,86.66,86.93,253463.0,86.879,1305,292652.8,0.8660877326306121,86.65,87.031,False,False,False
2025-06-30 11:09:00-04:00,86.96,87.01,86.47,86.88,328634.0,86.715,1687,306491.4,1.0722454202630154,86.732,86.923,False,False,False
2025-06-30 11:10:00-04:00,86.88,87.4,86.75,87.24,258765.0,87.073,1388,316115.1,0.8185784228592687,86.94,86.811,False,True,False
2025-06-30 11:11:00-04:00,87.23,87.43,87.06,87.22,137312.0,87.216,685,315479.05,0.43524918691114356,87.012,86.78299999999999,False,False,False
2025-06-30 11:12:00-04:00,87.2,87.65,87.18,87.63,239674.0,87.474,1130,321803.0,0.7447848528447528,87.17999999999999,86.922,False,False,False
2025-06-30 11:13:00-04:00,87.62,88.24,87.56,88.16,407039.0,88.001,1746,336241.85,1.210554248378065,87.426,87.038,False,False,False
2025-06-30 11:14:00-04:00,88.14,88.2,87.95,88.04,243930.0,88.051,1273,336132.6,0.7256957522120735,87.658,87.19500000000001,False,False,False
2025-06-30 11:15:00-04:00,88.04,88.1,87.73,87.88,194988.0,87.903,1004,336045.3,0.5802431993543727,87.786,87.363,False,False,False
2025-06-30 11:16:00-04:00,87.86,88.07,87.58,87.69,342605.0,87.853,1715,348791.1,0.9822641690111933,87.88,87.446,False,False,False
2025-06-30 11:17:00-04:00,87.7,87.8,87.37,87.53,171838.0,87.558,867,352883.05,0.486954530686583,87.85999999999999,87.52000000000001,False,False,False
2025-06-30 11:18:00-04:00,87.53,87.69,87.26,87.68,145546.0,87.463,756,356844.2,0.4078698771060311,87.76400000000001,87.595,False,False,False
2025-06-30 11:19:00-04:00,87.68,87.74,87.47,87.6,146775.0,87.636,458,359867.65,0.40785827789744367,87.676,87.667,False,False,False
2025-06-30 11:20:00-04:00,87.62,87.85,87.46,87.84,110913.0,87.643,380,347512.7,0.31916243636563496,87.668,87.727,False,False,False
2025-06-30 11:21:00-04:00,87.82,87.99,87.69,87.69,96305.0,87.857,379,327384.5,0.29416481232312464,87.668,87.774,False,False,False
2025-06-30 11:22:00-04:00,87.69,87.98,87.59,87.98,95814.0,87.829,363,275917.3,0.3472562249630596,87.75800000000001,87.809,False,False,False
2025-06-30 11:23:00-04:00,87.98,88.52,87.96,88.41,311114.0,88.225,1243,254193.45,1.2239261082455113,87.90400000000001,87.83399999999999,False,True,False
2025-06-30 11:24:00-04:00,88.44,88.74,88.4,88.64,318452.0,88.612,889,250075.5,1.2734234261253101,88.112,87.894,False,False,False
2025-06-30 11:25:00-04:00,88.65,88.9,88.61,88.83,299038.0,88.809,979,238576.65,1.2534252618602868,88.31,87.989,False,False,False
2025-06-30 11:26:00-04:00,88.8,88.85,88.44,88.52,227372.0,88.667,795,233233.5,0.974868533036635,88.476,88.072,False,False,False
2025-06-30 11:27:00-04:00,88.54,88.83,88.52,88.63,165115.0,88.701,588,224734.6,0.7347110769770209,88.606,88.18199999999999,False,False,False
2025-06-30 11:28:00-04:00,88.64,88.73,88.4,88.66,187631.0,88.559,818,221443.0,0.8473105945999648,88.65599999999999,88.28,False,False,False
2025-06-30 11:29:00-04:00,88.7,88.84,88.64,88.81,148643.0,88.747,515,212443.45,0.6996826684936627,88.69,88.401,False,False,False
2025-06-30 11:30:00-04:00,88.81,89.19,88.76,89.08,403449.0,89.042,1348,219677.65,1.83655005413614,88.74,88.525,True,False,False
2025-06-30 11:31:00-04:00,89.1,89.28,88.9,89.26,301405.0,89.143,1227,227882.3,1.3226345354597528,88.88799999999999,88.682,False,False,False
2025-06-30 11:32:00-04:00,89.25,89.66,89.24,89.65,333830.0,89.503,1111,232590.1,1.4352717506033146,89.092,88.849,False,False,False
2025-06-30 11:33:00-04:00,89.64,90.25,89.61,89.89,923998.0,89.975,3069,258438.05,3.5753171794942737,89.338,88.997,True,False,False
2025-06-30 11:34:00-04:00,89.91,90.32,89.81,90.06,526611.0,90.056,2467,272572.1,1.9320062471544228,89.588,89.139,True,False,False
2025-06-30 11:35:00-04:00,90.07,90.65,90.05,90.64,600836.0,90.436,2193,292864.5,2.0515835821685453,89.9,89.32000000000001,True,False,False
2025-06-30 11:36:00-04:00,90.63,90.95,90.61,90.69,545594.0,90.785,1987,303013.95,1.8005573670783144,90.186,89.537,True,False,False
2025-06-30 11:37:00-04:00,90.69,91.33,90.68,91.04,681140.0,91.071,2097,328479.05,2.073617784756745,90.464,89.778,True,False,False
2025-06-30 11:38:00-04:00,91.04,91.33,90.8,91.27,585109.0,91.06,2170,350457.2,1.6695590788261734,90.74000000000001,90.03900000000002,True,False,False
2025-06-30 11:39:00-04:00,91.25,91.64,91.18,91.31,614819.0,91.383,2459,373859.4,1.6445193032460865,90.99000000000001,90.289,True,False,False
2025-06-30 11:40:00-04:00,91.31,91.88,91.22,91.51,604350.0,91.609,2510,398531.25,1.5164431898376853,91.16400000000002,90.532,True,False,False
2025-06-30 11:41:00-04:00,91.51,91.52,91.1,91.14,505363.0,91.321,2296,418984.15,1.2061625720209224,91.25399999999999,90.72,False,False,False
2025-06-30 11:42:00-04:00,91.13,91.2,90.45,90.54,796980.0,90.826,3503,454042.45,1.7552984307965036,91.15400000000001,90.809,True,False,False
2025-06-30 11:43:00-04:00,90.53,90.99,90.3,90.83,434661.0,90.602,1988,460219.8,0.9444639278883699,91.066,90.90299999999999,False,False,False
2025-06-30 11:44:00-04:00,90.8,91.17,90.75,90.94,323364.0,91.0,1358,460465.4,0.7022547188127489,90.99199999999999,90.991,False,False,False
2025-06-30 11:45:00-04:00,90.92,91.05,90.56,90.83,247266.0,90.756,1160,457876.8,0.5400273610717993,90.856,91.01,False,False,False
2025-06-30 11:46:00-04:00,90.81,90.84,90.12,90.55,394870.0,90.327,2132,466251.7,0.8469030783158539,90.738,90.99600000000001,False,False,False
2025-06-30 11:47:00-04:00,90.53,91.02,90.38,90.91,328168.0,90.804,1455,474404.35,0.6917474513039352,90.81199999999998,90.98299999999999,False,False,False
2025-06-30 11:48:00-04:00,90.91,91.51,90.87,91.29,382543.0,91.215,1588,484149.95,0.790133304774688,90.904,90.985,False,False,False
2025-06-30 11:49:00-04:00,91.32,91.45,91.11,91.16,272618.0,91.307,1198,490348.7,0.5559676205932635,90.94800000000001,90.97,False,False,False
2025-06-30 11:50:00-04:00,91.19,91.27,90.88,91.25,246507.0,91.065,1093,482501.6,0.5108936426324804,91.03200000000001,90.944,False,True,False
2025-06-30 11:51:00-04:00,91.25,91.43,91.16,91.23,257172.0,91.291,960,480289.95,0.5354515537957852,91.168,90.953,False,False,False
2025-06-30 11:52:00-04:00,91.22,91.38,90.77,90.81,252994.0,91.054,898,476248.15,0.5312230609189768,91.148,90.97999999999999,False,False,False
2025-06-30 11:53:00-04:00,90.82,90.99,90.57,90.71,264833.0,90.746,1327,443289.9,0.5974261989727264,91.03200000000001,90.968,False,False,False
2025-06-30 11:54:00-04:00,90.7,90.84,90.53,90.69,142832.0,90.674,737,424100.95,0.3367877388626458,90.938,90.943,False,False,False
2025-06-30 11:55:00-04:00,90.69,90.95,90.45,90.62,244335.0,90.607,1225,406275.9,0.6014016583311981,90.812,90.922,False,False,False
2025-06-30 11:56:00-04:00,90.63,90.84,90.43,90.73,204481.0,90.617,950,389220.25,0.5253606409224597,90.71200000000002,90.94,False,False,False
2025-06-30 11:57:00-04:00,90.72,90.74,90.35,90.35,235969.0,90.537,840,366961.7,0.6430344093130155,90.61999999999999,90.884,False,False,False
2025-06-30 11:58:00-04:00,90.36,90.64,90.22,90.54,217195.0,90.425,997,348566.0,0.6231101140099723,90.586,90.809,False,False,False
2025-06-30 11:59:00-04:00,90.54,90.84,90.49,90.84,233466.0,90.69,933,329498.35,0.708549830370926,90.616,90.777,False,False,False
2025-06-30 12:00:00-04:00,90.88,91.15,90.84,91.11,320040.0,90.995,1424,315282.85,1.0150885149636273,90.714,90.763,False,False,False
2025-06-30 12:01:00-04:00,91.1,91.24,90.99,91.19,269599.0,91.127,1098,303494.65,0.8883154941940492,90.80600000000001,90.75899999999999,False,True,False
2025-06-30 12:02:00-04:00,91.2,91.21,90.89,90.94,140096.0,91.017,630,270650.45,0.5176270721146039,90.924,90.772,False,False,False
2025-06-30 12:03:00-04:00,90.96,91.02,90.7,90.75,173160.0,90.837,601,257575.4,0.6722691685619047,90.966,90.776,False,False,False
2025-06-30 12:04:00-04:00,90.75,90.94,90.64,90.66,104242.0,90.798,353,246619.3,0.4226838694295216,90.92999999999999,90.773,False,False,False
2025-06-30 12:05:00-04:00,90.67,90.85,90.57,90.59,97606.0,90.676,397,239136.3,0.408160534389802,90.826,90.77000000000001,False,False,False
2025-06-30 12:06:00-04:00,90.6,91.14,90.53,91.14,128634.0,90.869,436,225824.5,0.5696193282836893,90.816,90.811,False,False,False
2025-06-30 12:07:00-04:00,91.14,91.53,91.11,91.47,371626.0,91.371,1268,227997.4,1.6299571837222706,90.922,90.923,True,False,False
2025-06-30 12:08:00-04:00,91.48,91.74,91.39,91.63,464067.0,91.609,1501,232073.6,1.9996544199771107,91.098,91.03200000000001,True,True,True
2025-06-30 12:09:00-04:00,91.65,91.78,91.51,91.7,298490.0,91.673,1100,233367.2,1.2790572111247853,91.30600000000001,91.11800000000001,False,False,False
2025-06-30 12:10:00-04:00,91.68,92.18,91.67,91.97,478185.0,91.955,1521,244951.1,1.9521651464312673,91.582,91.204,True,False,False
2025-06-30 12:11:00-04:00,91.96,92.13,91.81,91.93,380137.0,91.97,1405,251099.35,1.51389081652342,91.74000000000001,91.27799999999999,True,False,False
2025-06-30 12:12:00-04:00,91.93,92.08,91.67,91.7,249361.0,91.856,987,250917.7,0.9937959737395966,91.786,91.354,False,False,False
2025-06-30 12:13:00-04:00,91.7,91.79,91.49,91.68,202320.0,91.635,708,247792.05,0.8164910859730973,91.796,91.447,False,False,False
2025-06-30 12:14:00-04:00,91.66,91.76,91.56,91.66,102488.0,91.665,428,245774.85,0.41699954246742493,91.788,91.547,False,False,False
2025-06-30 12:15:00-04:00,91.67,91.84,91.66,91.84,147381.0,91.762,540,240927.15,0.6117243324382495,91.76200000000001,91.672,False,False,False
2025-06-30 12:16:00-04:00,91.85,91.85,91.43,91.75,187449.0,91.638,733,240075.55,0.7807917132752586,91.726,91.733,False,False,False
2025-06-30 12:17:00-04:00,91.75,91.82,91.61,91.75,125863.0,91.712,469,234570.25,0.5365684693604581,91.736,91.761,False,False,False
2025-06-30 12:18:00-04:00,91.75,91.97,91.75,91.86,179419.0,91.883,657,232681.45,0.771092839588201,91.772,91.784,False,False,False
2025-06-30 12:19:00-04:00,91.86,91.97,91.67,91.94,147338.0,91.806,470,228375.05,0.6451580415636472,91.828,91.808,False,True,False
2025-06-30 12:20:00-04:00,91.94,92.26,91.88,92.2,420680.0,92.082,1268,233407.05,1.8023448734731877,91.9,91.831,True,False,False
2025-06-30 12:21:00-04:00,92.22,92.31,92.14,92.22,267138.0,92.224,916,233284.0,1.145119253785086,91.994,91.86,False,False,False
2025-06-30 12:22:00-04:00,92.23,92.35,92.07,92.26,264767.0,92.204,1061,239517.55,1.105417953715709,92.096,91.91600000000001,False,False,False
2025-06-30 12:23:00-04:00,92.24,92.3,92.13,92.19,194132.0,92.211,764,240566.15,0.806979701840845,92.16199999999999,91.967,False,False,False
2025-06-30 12:24:00-04:00,92.19,92.28,91.93,92.06,300045.0,92.091,1147,250356.3,1.1984719377942556,92.186,92.007,False,False,False
2025-06-30 12:25:00-04:00,92.05,92.15,91.88,92.09,188199.0,92.03,834,254885.95,0.7383655317211482,92.164,92.032,False,False,False
2025-06-30 12:26:00-04:00,92.08,92.31,92.07,92.18,173877.0,92.218,700,257148.1,0.6761745468856274,92.156,92.075,False,False,False
2025-06-30 12:27:00-04:00,92.19,92.2,91.93,92.0,189153.0,92.018,602,248024.45,0.7626385221295723,92.104,92.1,False,False,False
2025-06-30 12:28:00-04:00,91.97,92.01,91.63,91.69,229346.0,91.826,985,236288.4,0.9706189554798289,92.004,92.083,False,False,False
2025-06-30 12:29:00-04:00,91.68,91.93,91.65,91.91,125475.0,91.791,636,227637.65,0.55120495225636,91.974,92.08000000000001,False,False,False
2025-06-30 12:30:00-04:00,91.9,92.17,91.83,92.16,166738.0,92.027,685,212065.3,0.7862578177570777,91.988,92.076,False,False,False
2025-06-30 12:31:00-04:00,92.16,92.22,91.93,92.03,200428.0,92.064,844,203079.85,0.9869418359330085,91.958,92.05699999999999,False,False,False
2025-06-30 12:32:00-04:00,92.03,92.11,91.8,91.93,159138.0,91.944,658,198568.7,0.8014254008814078,91.944,92.024,False,False,False
2025-06-30 12:33:00-04:00,91.94,92.28,91.9,92.22,194482.0,92.15,765,198176.8,0.9813560416759177,92.05,92.027,False,True,False
2025-06-30 12:34:00-04:00,92.2,92.23,91.91,92.07,234677.0,92.055,878,204786.25,1.1459607273437549,92.08200000000001,92.02799999999999,False,False,False
2025-06-30 12:35:00-04:00,92.06,92.08,91.85,91.95,112926.0,91.972,485,203063.5,0.5561117581446198,92.03999999999999,92.01400000000001,False,False,False
2025-06-30 12:36:00-04:00,91.98,92.0,91.76,91.82,120869.0,91.894,476,199734.5,0.6051483344139345,91.99799999999999,91.978,False,False,False
2025-06-30 12:37:00-04:00,91.83,91.92,91.58,91.58,151092.0,91.775,564,200995.95,0.751716639066608,91.928,91.936,False,False,False
2025-06-30 12:38:00-04:00,91.58,91.71,91.51,91.62,177232.0,91.606,623,200886.6,0.8822489902263266,91.80799999999999,91.929,False,False,False
2025-06-30 12:39:00-04:00,91.63,91.65,91.29,91.33,213452.0,91.453,1008,204192.3,1.0453479391730247,91.66,91.871,False,False,False
2025-06-30 12:40:00-04:00,91.31,91.53,91.3,91.3,223734.0,91.376,967,194345.0,1.151220767192364,91.53,91.785,False,False,False
2025-06-30 12:41:00-04:00,91.37,91.51,91.13,91.13,249733.0,91.298,854,193474.75,1.2907782540098902,91.39200000000001,91.69500000000001,False,False,False
2025-06-30 12:42:00-04:00,91.13,91.41,91.09,91.41,251253.0,91.209,927,192799.05,1.303185881880642,91.35799999999999,91.643,False,False,False
2025-06-30 12:43:00-04:00,91.42,91.53,91.29,91.53,179100.0,91.42,648,192047.45,0.9325820259524403,91.33999999999999,91.574,False,False,False
2025-06-30 12:44:00-04:00,91.52,91.67,91.37,91.4,226204.0,91.548,787,188355.4,1.2009424736429113,91.354,91.50699999999999,False,False,False
2025-06-30 12:45:00-04:00,91.39,91.63,91.36,91.55,80456.0,91.483,329,182968.25,0.4397265645815599,91.40400000000001,91.467,False,False,False
2025-06-30 12:46:00-04:00,91.53,91.65,91.4,91.49,163814.0,91.53,671,182465.1,0.8977826444618724,91.476,91.434,False,True,False
2025-06-30 12:47:00-04:00,91.48,91.58,91.4,91.47,78175.0,91.477,260,176916.2,0.4418758711751665,91.488,91.423,False,False,False
2025-06-30 12:48:00-04:00,91.48,91.58,91.42,91.45,55804.0,91.505,248,168239.1,0.331694594181733,91.472,91.40599999999999,False,False,False
2025-06-30 12:49:00-04:00,91.47,91.68,91.45,91.54,81276.0,91.61,284,166029.15,0.4895284954479379,91.5,91.42699999999999,False,False,False
2025-06-30 12:50:00-04:00,91.54,91.57,91.37,91.49,95114.0,91.468,343,162447.95,0.5855044646608344,91.488,91.446,False,False,False
2025-06-30 12:51:00-04:00,91.5,91.54,91.05,91.1,193999.0,91.196,768,162126.5,1.1965903168205074,91.41,91.443,False,False,False
2025-06-30 12:52:00-04:00,91.11,91.2,91.01,91.16,130749.0,91.102,505,160707.05,0.8135859627813466,91.348,91.41799999999999,False,False,False
2025-06-30 12:53:00-04:00,91.17,91.23,91.07,91.15,86901.0,91.156,359,155328.0,0.5594677070457355,91.288,91.38000000000001,False,False,False
2025-06-30 12:54:00-04:00,91.15,91.3,91.06,91.13,117645.0,91.163,491,149476.4,0.7870473198444705,91.20599999999999,91.35300000000001,False,False,False
2025-06-30 12:55:00-04:00,91.13,91.3,91.13,91.22,110301.0,91.229,395,149345.15,0.738564325657713,91.152,91.32,False,False,False
2025-06-30 12:56:00-04:00,91.22,91.29,91.03,91.17,173391.0,91.151,570,151971.25,1.1409460671015077,91.16600000000001,91.288,False,False,False
2025-06-30 12:57:00-04:00,91.16,91.32,90.98,90.98,147708.0,91.133,539,151802.05,0.9730303378643438,91.13,91.239,False,False,False
2025-06-30 12:58:00-04:00,91.0,91.05,90.87,91.05,143332.0,90.968,600,150107.05,0.9548652111942778,91.11,91.199,False,False,False
2025-06-30 12:59:00-04:00,91.04,91.06,90.93,91.04,72154.0,91.001,230,143042.15,0.5044247447343319,91.09200000000001,91.149,False,False,False
2025-06-30 13:00:00-04:00,91.03,91.1,90.82,90.87,91609.0,90.987,425,136435.9,0.671443513034326,91.022,91.087,False,False,False
2025-06-30 13:01:00-04:00,90.88,90.89,90.69,90.7,138089.0,90.778,503,130853.7,1.0552930486489873,90.92800000000001,91.047,False,False,False
2025-06-30 13:02:00-04:00,90.69,90.87,90.65,90.79,107424.0,90.746,411,123662.25,0.8686887065373629,90.89000000000001,91.01,False,False,False
2025-06-30 13:03:00-04:00,90.79,90.93,90.74,90.76,95517.0,90.817,465,119483.1,0.7994184951679358,90.83200000000001,90.971,False,False,False
2025-06-30 13:04:00-04:00,90.76,90.86,90.76,90.82,52258.0,90.804,265,110785.8,0.4717030521962201,90.788,90.94,False,False,False
2025-06-30 13:05:00-04:00,90.83,91.0,90.69,90.94,228716.0,90.871,643,118198.8,1.9350111845467128,90.80199999999999,90.912,True,False,False
2025-06-30 13:06:00-04:00,90.93,91.34,90.93,91.31,184230.0,91.203,607,119219.6,1.5452995983881843,90.924,90.926,True,False,False
2025-06-30 13:07:00-04:00,91.3,91.57,91.22,91.46,174559.0,91.414,627,124038.8,1.4072935242843367,91.05799999999999,90.974,False,True,False
2025-06-30 13:08:00-04:00,91.47,91.68,91.41,91.6,124219.0,91.53,452,127459.55,0.9745758556341992,91.226,91.029,False,False,False
2025-06-30 13:09:00-04:00,91.59,91.66,91.45,91.61,175050.0,91.548,534,132148.25,1.324648642717554,91.38399999999999,91.086,False,False,False
2025-06-30 13:10:00-04:00,91.61,91.82,91.53,91.64,157169.0,91.719,547,135251.0,1.1620542546820356,91.524,91.163,False,False,False
2025-06-30 13:11:00-04:00,91.64,91.65,91.48,91.6,131285.0,91.547,437,132115.3,0.9937153380418469,91.582,91.253,False,False,False
2025-06-30 13:12:00-04:00,91.6,91.61,91.43,91.5,77258.0,91.543,249,129440.75,0.5968599532990964,91.59,91.324,False,False,False
2025-06-30 13:13:00-04:00,91.48,91.55,91.35,91.44,66707.0,91.436,226,128431.05,0.5193993197127953,91.55799999999999,91.39200000000001,False,False,False
2025-06-30 13:14:00-04:00,91.44,91.53,91.3,91.37,91207.0,91.404,383,127109.15,0.7175486579841027,91.50999999999999,91.447,False,False,False
2025-06-30 13:15:00-04:00,91.36,91.82,91.31,91.77,168996.0,91.608,615,130043.9,1.2995303893531338,91.53599999999999,91.53,False,False,False
2025-06-30 13:16:00-04:00,91.77,92.03,91.74,91.76,198030.0,91.88,679,131275.85,1.508502896762809,91.56800000000001,91.575,True,False,False
2025-06-30 13:17:00-04:00,91.76,91.85,91.64,91.79,108517.0,91.732,422,129316.3,0.8391594872417475,91.626,91.60799999999999,False,True,False
2025-06-30 13:18:00-04:00,91.78,91.79,91.62,91.76,177842.0,91.716,481,131041.8,1.357139477632328,91.69000000000001,91.624,False,False,False
2025-06-30 13:19:00-04:00,91.76,91.96,91.74,91.86,186907.0,91.86,525,136779.45,1.3664845121105544,91.78800000000001,91.649,False,False,False
2025-06-30 13:20:00-04:00,91.86,91.91,91.71,91.81,140020.0,91.814,463,139200.0,1.005890804597701,91.796,91.66600000000001,False,False,False
2025-06-30 13:21:00-04:00,91.81,91.96,91.79,91.92,104206.0,91.874,360,137505.85,0.7578295759780401,91.828,91.69800000000001,False,False,False
2025-06-30 13:22:00-04:00,91.91,91.99,91.79,91.99,96186.0,91.897,380,136943.95,0.7023749497513398,91.86800000000001,91.747,False,False,False
2025-06-30 13:23:00-04:00,91.97,92.22,91.86,92.22,185338.0,92.071,595,141435.0,1.3104111429278467,91.96,91.825,False,False,False
2025-06-30 13:24:00-04:00,92.2,92.27,92.07,92.15,289030.0,92.18,959,153273.6,1.8857128690133198,92.018,91.90299999999999,True,False,False
2025-06-30 13:25:00-04:00,92.15,92.29,92.06,92.12,215359.0,92.189,756,152605.75,1.4112115696820073,92.08,91.938,False,False,False
2025-06-30 13:26:00-04:00,92.14,92.6,92.12,92.56,322940.0,92.443,1116,159541.25,2.024178699866022,92.208,92.018,True,False,False
2025-06-30 13:27:00-04:00,92.57,92.59,92.21,92.23,262509.0,92.381,835,163938.75,1.6012626666971659,92.256,92.062,True,False,False
2025-06-30 13:28:00-04:00,92.26,92.39,92.21,92.32,201475.0,92.287,555,167801.55,1.2006742488373916,92.27600000000001,92.11800000000001,False,False,False
2025-06-30 13:29:00-04:00,92.3,92.45,92.29,92.3,114833.0,92.372,543,164790.7,0.6968415086530975,92.306,92.162,False,False,False
2025-06-30 13:30:00-04:00,92.31,92.38,92.23,92.25,114289.0,92.291,413,162646.7,0.7026825628801567,92.332,92.20599999999999,False,False,False
2025-06-30 13:31:00-04:00,92.26,92.6,92.22,92.32,215791.0,92.411,905,166872.0,1.2931528357064097,92.28399999999999,92.24600000000001,False,False,False
2025-06-30 13:32:00-04:00,92.33,92.47,92.32,92.38,87472.0,92.406,311,167382.7,0.5225868623220918,92.314,92.285,False,False,False
2025-06-30 13:33:00-04:00,92.39,92.42,92.05,92.07,139650.0,92.195,441,171029.85,0.8165241330679995,92.26399999999998,92.27,False,False,False
2025-06-30 13:34:00-04:00,92.07,92.2,92.05,92.19,101572.0,92.116,398,171548.1,0.5920904982334401,92.242,92.274,False,False,False
2025-06-30 13:35:00-04:00,92.18,92.2,91.91,92.14,127186.0,92.061,514,169457.6,0.7505476296135434,92.22,92.276,False,False,False
2025-06-30 13:36:00-04:00,92.13,92.16,92.0,92.07,113307.0,92.078,445,165221.45,0.6857886793754685,92.16999999999999,92.227,False,False,False
2025-06-30 13:37:00-04:00,92.08,92.31,92.04,92.27,147138.0,92.206,522,167152.5,0.8802620361645802,92.148,92.231,False,False,False
2025-06-30 13:38:00-04:00,92.29,92.54,92.27,92.52,147965.0,92.465,554,165658.65,0.8931921152321355,92.23799999999999,92.251,False,False,False
2025-06-30 13:39:00-04:00,92.52,92.52,92.38,92.48,84947.0,92.444,259,160560.65,0.529064873616294,92.296,92.269,False,True,False
2025-06-30 13:40:00-04:00,92.48,92.64,92.35,92.42,199556.0,92.506,639,163537.45,1.2202464939987752,92.352,92.286,False,False,False
2025-06-30 13:41:00-04:00,92.43,92.75,92.3,92.57,158409.0,92.458,517,166247.6,0.9528498456519071,92.452,92.31099999999999,False,False,False
2025-06-30 13:42:00-04:00,92.58,92.68,92.51,92.64,133350.0,92.601,442,168105.8,0.7932504410912652,92.526,92.33699999999999,False,False,False
2025-06-30 13:43:00-04:00,92.65,92.91,92.64,92.85,209540.0,92.828,580,169315.9,1.2375683559547568,92.59200000000001,92.41499999999999,False,False,False
2025-06-30 13:44:00-04:00,92.83,92.97,92.8,92.96,202670.0,92.884,560,164997.9,1.2283186634496561,92.688,92.49199999999999,False,False,False
2025-06-30 13:45:00-04:00,92.95,93.28,92.93,93.26,446536.0,93.101,1314,176556.75,2.5291358161044535,92.856,92.604,True,False,False
2025-06-30 13:46:00-04:00,93.25,93.35,93.17,93.33,273853.0,93.261,907,174102.4,1.5729421306081939,93.008,92.73,True,False,False
2025-06-30 13:47:00-04:00,93.32,93.36,93.0,93.17,276623.0,93.141,797,174808.1,1.5824381135656758,93.114,92.82,True,False,False
2025-06-30 13:48:00-04:00,93.17,93.22,93.03,93.04,131574.0,93.113,410,171313.05,0.7680325579399818,93.15200000000002,92.87199999999999,False,False,False
2025-06-30 13:49:00-04:00,93.06,93.07,92.85,92.9,259845.0,92.96,823,178563.65,1.4551953883111148,93.14,92.91400000000002,False,False,False
2025-06-30 13:50:00-04:00,92.87,93.07,92.78,92.85,158651.0,92.904,539,180781.75,0.877583052492854,93.058,92.957,False,False,False
2025-06-30 13:51:00-04:00,92.87,92.88,92.51,92.59,406126.0,92.647,1572,190298.5,2.134152397417741,92.91,92.959,True,False,False
2025-06-30 13:52:00-04:00,92.58,92.71,92.53,92.65,131451.0,92.621,589,192497.45,0.682871383491054,92.80600000000001,92.96000000000001,False,False,False
2025-06-30 13:53:00-04:00,92.65,92.94,92.63,92.9,152776.0,92.827,510,193153.75,0.7909553917539783,92.77799999999999,92.965,False,False,False
2025-06-30 13:54:00-04:00,92.89,93.04,92.75,92.78,233764.0,92.929,621,199763.35,1.170204644645777,92.754,92.947,False,False,False
2025-06-30 13:55:00-04:00,92.78,92.96,92.71,92.83,114672.0,92.792,422,199137.65,0.5758428905834733,92.75,92.904,False,False,False
2025-06-30 13:56:00-04:00,92.85,92.91,92.69,92.77,89131.0,92.778,319,197928.85,0.4503183846114399,92.786,92.848,False,False,False
2025-06-30 13:57:00-04:00,92.76,92.76,92.5,92.58,101769.0,92.626,374,195660.4,0.520130798056224,92.772,92.789,False,False,False
2025-06-30 13:58:00-04:00,92.57,92.65,92.46,92.58,107111.0,92.544,348,193617.7,0.5532087200705307,92.708,92.74300000000001,False,False,False
2025-06-30 13:59:00-04:00,92.56,92.65,92.46,92.46,137634.0,92.551,378,196252.05,0.7013124194116699,92.64399999999999,92.699,False,False,False
2025-06-30 14:00:00-04:00,92.45,92.51,92.33,92.45,144043.0,92.414,461,193476.4,0.7444990706876912,92.568,92.659,False,False,False
2025-06-30 14:01:00-04:00,92.44,92.47,92.23,92.4,154986.0,92.332,547,193305.25,0.8017681878790152,92.494,92.64,False,False,False
2025-06-30 14:02:00-04:00,92.4,92.67,92.31,92.62,122751.0,92.49,387,192775.3,0.6367568874228182,92.502,92.637,False,False,False
2025-06-30 14:03:00-04:00,92.62,92.77,92.5,92.7,131610.0,92.636,385,188878.8,0.6967960406355822,92.526,92.61699999999999,False,False,False
2025-06-30 14:04:00-04:00,92.7,92.77,92.6,92.63,108009.0,92.683,299,184145.75,0.5865408243198662,92.56,92.602,False,False,False
2025-06-30 14:05:00-04:00,92.63,92.85,92.6,92.79,121675.0,92.74,460,167902.7,0.7246756603675819,92.62800000000001,92.598,False,True,False
2025-06-30 14:06:00-04:00,92.78,92.89,92.69,92.82,121094.0,92.816,453,160264.75,0.75558723924007,92.712,92.603,False,False,False
2025-06-30 14:07:00-04:00,92.82,92.91,92.77,92.86,76835.0,92.836,269,150275.35,0.5112947665734933,92.75999999999999,92.631,False,False,False
2025-06-30 14:08:00-04:00,92.85,92.98,92.84,92.95,85205.0,92.939,332,147956.9,0.5758771642282313,92.81,92.66799999999999,False,False,False
2025-06-30 14:09:00-04:00,92.97,93.0,92.75,92.89,97042.0,92.889,395,139816.75,0.6940656251843932,92.862,92.71100000000001,False,False,False
2025-06-30 14:10:00-04:00,92.9,92.96,92.72,92.72,78100.0,92.824,361,135789.2,0.5751561979892362,92.848,92.738,False,False,False
2025-06-30 14:11:00-04:00,92.74,92.76,92.6,92.68,86244.0,92.68,311,119795.1,0.7199292792443096,92.82000000000001,92.766,False,False,False
2025-06-30 14:12:00-04:00,92.68,92.72,92.6,92.61,56024.0,92.662,242,116023.75,0.48286665445652294,92.77,92.76500000000001,False,False,False
2025-06-30 14:13:00-04:00,92.62,92.72,92.57,92.64,76927.0,92.634,348,112231.3,0.6854326734164177,92.708,92.759,False,False,False
2025-06-30 14:14:00-04:00,92.63,92.77,92.5,92.64,97398.0,92.607,366,105413.0,0.9239657347765455,92.658,92.76,False,False,False
2025-06-30 14:15:00-04:00,92.64,92.9,92.59,92.88,81641.0,92.745,317,103761.45,0.7868143708477474,92.69000000000001,92.769,False,False,False
2025-06-30 14:16:00-04:00,92.86,92.92,92.77,92.8,116402.0,92.867,389,105125.0,1.1072722948870393,92.71399999999998,92.767,False,False,False
2025-06-30 14:17:00-04:00,92.81,92.92,92.76,92.88,77673.0,92.84,345,103920.2,0.747429277464824,92.768,92.76899999999999,False,False,False
2025-06-30 14:18:00-04:00,92.87,93.08,92.83,93.06,233725.0,92.965,787,110250.9,2.1199373429151147,92.852,92.78,True,True,True
2025-06-30 14:19:00-04:00,93.06,93.18,93.02,93.03,235049.0,93.095,832,115121.65,2.041744537191745,92.92999999999999,92.79400000000001,True,False,False
2025-06-30 14:20:00-04:00,93.03,93.23,92.96,93.23,178837.0,93.116,624,116861.35,1.530334879752801,93.0,92.845,True,False,False
2025-06-30 14:21:00-04:00,93.21,93.42,93.18,93.37,282726.0,93.309,772,123248.35,2.293953631022241,93.114,92.914,True,False,False
2025-06-30 14:22:00-04:00,93.38,93.43,93.24,93.32,183420.0,93.323,717,126281.8,1.4524658343482593,93.20200000000001,92.98499999999999,False,False,False
2025-06-30 14:23:00-04:00,93.3,93.38,93.1,93.11,160863.0,93.227,618,127744.45,1.2592562729731116,93.21200000000002,93.032,False,False,False
2025-06-30 14:24:00-04:00,93.11,93.22,93.06,93.19,112189.0,93.144,412,127953.45,0.8767954283374149,93.244,93.087,False,False,False
2025-06-30 14:25:00-04:00,93.18,93.31,93.09,93.22,131075.0,93.198,537,128423.45,1.0206469301362018,93.24199999999999,93.12100000000001,False,False,False
2025-06-30 14:26:00-04:00,93.24,93.28,93.1,93.2,104301.0,93.191,334,127583.8,0.8175097465352184,93.208,93.161,False,False,False
2025-06-30 14:27:00-04:00,93.21,93.32,93.12,93.17,81783.0,93.214,377,127831.2,0.6397733886562905,93.178,93.19000000000001,False,False,False
2025-06-30 14:28:00-04:00,93.17,93.3,93.1,93.27,95205.0,93.214,435,128331.2,0.7418694752328351,93.21,93.211,False,False,False
2025-06-30 14:29:00-04:00,93.26,93.26,92.89,92.93,196875.0,92.982,658,133322.85,1.476678603855228,93.158,93.201,False,False,False
2025-06-30 14:30:00-04:00,92.91,93.0,92.7,92.72,284795.0,92.82,872,143657.6,1.9824568975118615,93.058,93.15,True,False,False
2025-06-30 14:31:00-04:00,92.71,92.88,92.61,92.65,276957.0,92.72,947,153193.25,1.8078929717856367,92.94800000000001,93.078,True,False,False
2025-06-30 14:32:00-04:00,92.65,92.79,92.59,92.61,118379.0,92.69,410,156311.0,0.7573299383920518,92.836,93.007,False,False,False
2025-06-30 14:33:00-04:00,92.6,92.66,92.52,92.54,92054.0,92.592,408,157067.35,0.5860797931587945,92.69000000000001,92.95,False,False,False
2025-06-30 14:34:00-04:00,92.56,92.64,92.45,92.54,216760.0,92.533,659,163035.45,1.3295267992329274,92.61200000000001,92.885,False,False,False
2025-06-30 14:35:00-04:00,92.53,92.87,92.48,92.85,223604.0,92.624,675,170133.6,1.3142847738483168,92.638,92.848,False,False,False
2025-06-30 14:36:00-04:00,92.85,93.02,92.81,92.82,154544.0,92.924,490,172040.7,0.8982990652793205,92.672,92.81,False,False,False
2025-06-30 14:37:00-04:00,92.81,92.93,92.76,92.87,86267.0,92.843,358,172470.4,0.5001843794645342,92.724,92.78,False,False,False
2025-06-30 14:38:00-04:00,92.87,92.92,92.76,92.9,72140.0,92.826,387,164391.15,0.43883140911174356,92.796,92.743,False,True,False
2025-06-30 14:39:00-04:00,92.93,92.93,92.78,92.92,99884.0,92.859,473,157632.9,0.6336494475455314,92.872,92.742,False,False,False
2025-06-30 14:40:00-04:00,92.9,92.9,92.72,92.73,63221.0,92.777,255,151852.1,0.41633273428553175,92.848,92.74300000000001,False,False,False
2025-06-30 14:41:00-04:00,92.72,92.72,92.57,92.66,124328.0,92.632,472,143932.2,0.8637955926470935,92.816,92.744,False,False,False
2025-06-30 14:42:00-04:00,92.66,92.74,92.53,92.54,115042.0,92.615,522,140513.3,0.8187267682134005,92.75,92.737,False,False,False
2025-06-30 14:43:00-04:00,92.55,92.7,92.42,92.56,207357.0,92.57,875,142838.0,1.451693526932609,92.682,92.739,False,False,False
2025-06-30 14:44:00-04:00,92.57,92.71,92.51,92.56,126568.0,92.594,586,143556.95,0.8816570705911486,92.61,92.741,False,False,False
2025-06-30 14:45:00-04:00,92.57,92.7,92.41,92.69,140173.0,92.566,539,144011.85,0.9733435130511829,92.602,92.725,False,False,False
2025-06-30 14:46:00-04:00,92.7,92.72,92.49,92.67,102628.0,92.587,472,143928.2,0.7130499790867946,92.60400000000001,92.71000000000001,False,False,False
2025-06-30 14:47:00-04:00,92.67,93.06,92.65,93.04,167305.0,92.896,526,148204.3,1.1288808759260023,92.70400000000001,92.727,False,False,False
2025-06-30 14:48:00-04:00,93.04,93.16,92.96,93.02,139042.0,93.053,537,150396.15,0.9245050488326996,92.796,92.739,False,True,False
2025-06-30 14:49:00-04:00,93.01,93.1,92.96,93.0,142310.0,93.037,486,147667.9,0.9637165558662377,92.884,92.747,False,False,False
2025-06-30 14:50:00-04:00,92.99,93.09,92.92,93.08,109448.0,93.003,336,138900.55,0.7879594429251721,92.962,92.782,False,False,False
2025-06-30 14:51:00-04:00,93.07,93.21,93.06,93.17,126707.0,93.16,398,131388.05,0.9643723306647751,93.062,92.833,False,False,False
2025-06-30 14:52:00-04:00,93.18,93.25,93.06,93.09,99893.0,93.169,398,130463.75,0.7656762893907312,93.072,92.888,False,False,False
2025-06-30 14:53:00-04:00,93.09,93.19,93.01,93.14,86670.0,93.094,342,130194.55,0.665696067922966,93.096,92.946,False,False,False
2025-06-30 14:54:00-04:00,93.15,93.24,93.08,93.17,91316.0,93.146,333,123922.35,0.7368807967247232,93.13,93.007,False,False,False
2025-06-30 14:55:00-04:00,93.18,93.22,93.13,93.19,77311.0,93.175,264,116607.7,0.6630008138399094,93.152,93.05699999999999,False,False,False
2025-06-30 14:56:00-04:00,93.16,93.3,93.15,93.24,113474.0,93.246,455,114554.2,0.9905704024819693,93.166,93.114,False,False,False
2025-06-30 14:57:00-04:00,93.28,93.35,93.23,93.25,162625.0,93.285,592,118372.1,1.3738456950582105,93.19800000000001,93.135,False,False,False
2025-06-30 14:58:00-04:00,93.26,93.33,93.16,93.16,97552.0,93.267,389,119642.7,0.8153610709220036,93.202,93.14899999999999,False,False,False
2025-06-30 14:59:00-04:00,93.18,93.4,93.18,93.28,124640.0,93.307,635,120880.5,1.0311009633481,93.224,93.177,False,False,False
2025-06-30 15:00:00-04:00,93.29,93.3,92.94,92.94,179834.0,93.102,729,126711.15,1.4192436892885907,93.17399999999999,93.163,False,False,False
2025-06-30 15:01:00-04:00,92.95,92.95,92.7,92.85,171948.0,92.825,687,129092.15,1.3319787454155811,93.096,93.131,False,False,False
2025-06-30 15:02:00-04:00,92.88,92.91,92.65,92.8,122273.0,92.77,554,129453.7,0.9445307472864816,93.006,93.102,False,False,False
2025-06-30 15:03:00-04:00,92.8,92.94,92.73,92.84,124814.0,92.839,517,125326.55,0.9959102839741459,92.942,93.072,False,False,False
2025-06-30 15:04:00-04:00,92.83,92.83,92.74,92.81,72968.0,92.783,325,122646.55,0.5949453938981569,92.848,93.03599999999999,False,False,False
2025-06-30 15:05:00-04:00,92.81,92.89,92.54,92.79,157436.0,92.655,596,123509.7,1.2746853081175,92.81800000000001,92.99600000000001,False,False,False
2025-06-30 15:06:00-04:00,92.79,92.93,92.71,92.73,156782.0,92.799,531,126217.4,1.2421583711912938,92.79400000000001,92.94500000000001,False,False,False
2025-06-30 15:07:00-04:00,92.74,92.97,92.7,92.93,115549.0,92.898,415,123629.6,0.9346386302309478,92.82000000000001,92.913,False,False,False
2025-06-30 15:08:00-04:00,92.95,93.12,92.92,92.92,137925.0,93.052,482,123573.75,1.1161351015082086,92.836,92.88900000000001,False,False,False
2025-06-30 15:09:00-04:00,92.96,93.03,92.9,93.0,112598.0,92.951,341,122088.15,0.9222680497656817,92.874,92.861,False,True,False
2025-06-30 15:10:00-04:00,93.02,93.14,93.0,93.12,106927.0,93.073,338,121962.1,0.8767231787579912,92.94,92.879,False,False,False
2025-06-30 15:11:00-04:00,93.1,93.28,93.07,93.25,149912.0,93.202,447,123122.35,1.2175855967661435,93.04400000000001,92.91900000000001,False,False,False
2025-06-30 15:12:00-04:00,93.25,93.25,93.08,93.15,112058.0,93.151,397,123730.6,0.9056611703168012,93.088,92.95400000000001,False,False,False
2025-06-30 15:13:00-04:00,93.17,93.17,93.07,93.12,49086.0,93.112,224,121851.4,0.40283492844563135,93.12800000000001,92.982,False,False,False
2025-06-30 15:14:00-04:00,93.13,93.16,93.01,93.08,98865.0,93.075,354,122228.85,0.8088515927295397,93.144,93.00899999999999,False,False,False
2025-06-30 15:15:00-04:00,93.09,93.11,92.93,92.99,72465.0,92.996,326,121986.55,0.594040900410742,93.11800000000001,93.029,False,False,False
2025-06-30 15:16:00-04:00,92.99,92.99,92.72,92.75,123793.0,92.861,441,122502.5,1.010534478888186,93.018,93.03099999999999,False,False,False
2025-06-30 15:17:00-04:00,92.74,92.76,92.65,92.66,109538.0,92.697,337,119848.15,0.9139732236167184,92.91999999999999,93.004,False,False,False
2025-06-30 15:18:00-04:00,92.68,92.9,92.67,92.9,128012.0,92.798,333,121371.15,1.0547152268063704,92.876,93.002,False,False,False
2025-06-30 15:19:00-04:00,92.87,92.9,92.71,92.71,104942.0,92.773,432,120386.25,0.871710847376673,92.80199999999999,92.973,False,False,False
2025-06-30 15:20:00-04:00,92.72,92.84,92.66,92.8,116022.0,92.751,353,117195.65,0.9899855498049629,92.764,92.941,False,False,False
2025-06-30 15:21:00-04:00,92.81,93.11,92.8,93.01,138971.0,92.981,546,115546.8,1.2027247833778174,92.816,92.917,False,False,False
2025-06-30 15:22:00-04:00,93.01,93.01,92.88,92.95,94349.0,92.963,375,114150.6,0.8265309161756487,92.874,92.897,False,False,False
2025-06-30 15:23:00-04:00,92.97,93.07,92.96,92.99,136345.0,93.02,470,114727.15,1.1884283711396997,92.892,92.88399999999999,False,True,False
2025-06-30 15:24:00-04:00,93.0,93.08,93.0,93.04,72851.0,93.049,252,114721.3,0.6350259280534652,92.958,92.88000000000001,False,False,False
2025-06-30 15:25:00-04:00,93.04,93.17,93.03,93.11,154348.0,93.113,531,114566.9,1.3472303082303878,93.02000000000001,92.89200000000001,False,False,False
2025-06-30 15:26:00-04:00,93.12,93.27,93.11,93.19,123787.0,93.198,421,112917.15,1.096263942191244,93.056,92.936,False,False,False
2025-06-30 15:27:00-04:00,93.21,93.27,93.08,93.12,129564.0,93.183,536,113617.9,1.1403484838216513,93.09,92.982,False,False,False
2025-06-30 15:28:00-04:00,93.12,93.13,92.86,92.86,129547.0,92.981,487,113199.0,1.14441823691022,93.064,92.978,False,False,False
2025-06-30 15:29:00-04:00,92.86,92.94,92.8,92.84,104353.0,92.854,371,112786.75,0.9252239292292757,93.024,92.991,False,False,False
2025-06-30 15:30:00-04:00,92.83,92.83,92.56,92.6,184232.0,92.629,612,116652.0,1.5793299729108803,92.922,92.971,True,False,False
2025-06-30 15:31:00-04:00,92.6,92.78,92.56,92.68,162193.0,92.657,727,117266.05,1.3831198373271718,92.82,92.938,False,False,False
2025-06-30 15:32:00-04:00,92.68,92.82,92.66,92.79,134491.0,92.74,554,118387.7,1.1360217319873602,92.754,92.922,False,False,False
2025-06-30 15:33:00-04:00,92.8,92.85,92.68,92.78,109382.0,92.787,441,121402.5,0.9009863882539486,92.73800000000001,92.901,False,False,False
2025-06-30 15:34:00-04:00,92.78,92.79,92.62,92.63,129622.0,92.672,461,122940.35,1.0543487146408808,92.696,92.86,False,False,False
2025-06-30 15:35:00-04:00,92.64,92.65,92.46,92.58,250322.0,92.556,830,131833.2,1.8987781529993961,92.69200000000001,92.80699999999999,True,False,False
2025-06-30 15:36:00-04:00,92.6,92.82,92.59,92.76,200795.0,92.714,816,135683.3,1.4798799852303122,92.708,92.76400000000001,False,False,False
2025-06-30 15:37:00-04:00,92.76,92.84,92.56,92.69,115801.0,92.718,566,135996.45,0.8515001678352633,92.688,92.721,False,False,False
2025-06-30 15:38:00-04:00,92.69,92.77,92.56,92.74,86553.0,92.643,387,133923.5,0.6462868727295807,92.67999999999999,92.709,False,False,False
2025-06-30 15:39:00-04:00,92.76,93.05,92.76,92.98,182732.0,92.913,628,137813.0,1.3259416745880288,92.75,92.723,False,True,False
2025-06-30 15:40:00-04:00,92.99,93.04,92.91,93.03,123427.0,92.98,575,138183.25,0.8932124551998886,92.84,92.76599999999999,False,False,False
2025-06-30 15:41:00-04:00,93.03,93.05,92.89,92.95,83289.0,92.957,433,135399.15,0.6151368010803613,92.878,92.793,False,False,False
2025-06-30 15:42:00-04:00,92.96,93.16,92.96,93.09,139583.0,93.085,528,137660.85,1.0139629386277942,92.958,92.82300000000001,False,False,False
2025-06-30 15:43:00-04:00,93.09,93.27,93.09,93.27,139028.0,93.17,613,137795.0,1.0089480750390072,93.064,92.872,False,False,False
2025-06-30 15:44:00-04:00,93.27,93.36,93.2,93.31,246613.0,93.268,992,146483.1,1.6835594003676875,93.13000000000001,92.94,True,False,False
2025-06-30 15:45:00-04:00,93.3,93.72,93.25,93.7,614195.0,93.523,2277,169475.45,3.6240942272169803,93.264,93.052,True,False,False
2025-06-30 15:46:00-04:00,93.7,93.82,93.55,93.66,451432.0,93.68,1879,185857.7,2.4289120117164904,93.406,93.142,True,False,False
2025-06-30 15:47:00-04:00,93.68,93.86,93.58,93.86,348377.0,93.749,1237,196798.35,1.7702231751434907,93.55999999999999,93.259,True,False,False
2025-06-30 15:48:00-04:00,93.84,94.04,93.81,93.95,557312.0,93.937,1685,218186.6,2.5542906851291507,93.696,93.38,True,False,False
2025-06-30 15:49:00-04:00,93.96,93.98,93.74,93.86,388332.0,93.877,1362,232385.55,1.6710677578704873,93.806,93.46799999999999,True,False,False
2025-06-30 15:50:00-04:00,93.84,94.24,93.76,94.1,600444.0,94.098,2473,253196.15,2.3714578598450253,93.886,93.575,True,False,False
2025-06-30 15:51:00-04:00,94.09,94.13,93.81,94.04,293177.0,93.976,1225,259745.35,1.128709330118903,93.962,93.684,False,False,False
2025-06-30 15:52:00-04:00,94.05,94.07,93.71,93.79,257454.0,93.83,1040,265893.5,0.9682598483979488,93.94800000000001,93.754,False,False,False
2025-06-30 15:53:00-04:00,93.84,93.96,93.74,93.9,177580.0,93.857,924,269303.4,0.6594049685224916,93.938,93.817,False,False,False
2025-06-30 15:54:00-04:00,93.91,94.0,93.54,93.77,275088.0,93.806,1419,276576.7,0.9946174063107991,93.92,93.863,False,False,False
2025-06-30 15:55:00-04:00,93.78,93.8,93.47,93.63,484947.0,93.582,2298,288307.95,1.6820451881399732,93.826,93.856,True,False,False
2025-06-30 15:56:00-04:00,93.62,93.73,93.52,93.59,276454.0,93.593,1459,292090.9,0.946465637922989,93.736,93.849,False,False,False
2025-06-30 15:57:00-04:00,93.61,93.75,93.59,93.68,346911.0,93.671,1665,303646.4,1.1424834939587625,93.714,93.83099999999999,False,False,False
2025-06-30 15:58:00-04:00,93.68,93.75,93.63,93.67,430843.0,93.676,1775,320860.9,1.3427718989755373,93.668,93.80300000000001,False,False,False
2025-06-30 15:59:00-04:00,93.66,93.68,93.62,93.63,530557.0,93.649,2400,338252.15,1.5685251372385953,93.64000000000001,93.78,True,False,False
